target,ftype,cycle,bit,boot_ok,tamper,halted,run_cycles,outcome
skip,skip,0,0,0,1,1,7,silent
skip,skip,1,0,0,1,1,5,silent
skip,skip,2,0,0,1,1,5,silent
skip,skip,3,0,0,1,1,6,silent
skip,skip,4,0,0,1,1,9,silent
skip,skip,5,0,0,1,1,5,silent
skip,skip,6,0,0,1,1,5,silent
skip,skip,7,0,0,1,1,5,silent
skip,skip,8,0,0,1,1,5,silent
skip,skip,9,0,0,1,1,5,silent
skip,skip,10,0,0,1,1,5,silent
skip,skip,11,0,0,1,1,5,silent
pc.bit0,pcflip,0,0,0,1,1,5,silent
pc.bit0,pcflip,1,0,0,1,1,7,silent
pc.bit0,pcflip,2,0,0,1,1,5,silent
pc.bit0,pcflip,3,0,0,1,1,7,silent
pc.bit0,pcflip,4,0,0,1,1,5,silent
pc.bit0,pcflip,5,0,0,1,1,5,silent
pc.bit0,pcflip,6,0,0,1,1,5,silent
pc.bit0,pcflip,7,0,0,1,1,5,silent
pc.bit0,pcflip,8,0,0,1,1,5,silent
pc.bit0,pcflip,9,0,0,1,1,5,silent
pc.bit0,pcflip,10,0,0,1,1,5,silent
pc.bit0,pcflip,11,0,0,1,1,5,silent
pc.bit1,pcflip,0,1,0,1,1,6,silent
pc.bit1,pcflip,1,1,0,1,1,4,silent
pc.bit1,pcflip,2,1,0,1,1,8,silent
pc.bit1,pcflip,3,1,0,1,1,8,silent
pc.bit1,pcflip,4,1,0,1,1,8,silent
pc.bit1,pcflip,5,1,0,1,1,5,silent
pc.bit1,pcflip,6,1,0,1,1,5,silent
pc.bit1,pcflip,7,1,0,1,1,5,silent
pc.bit1,pcflip,8,1,0,1,1,5,silent
pc.bit1,pcflip,9,1,0,1,1,5,silent
pc.bit1,pcflip,10,1,0,1,1,5,silent
pc.bit1,pcflip,11,1,0,1,1,5,silent
pc.bit2,pcflip,0,2,0,1,1,1,silent
pc.bit2,pcflip,1,2,0,1,1,2,silent
pc.bit2,pcflip,2,2,0,1,1,6,silent
pc.bit2,pcflip,3,2,0,1,1,6,silent
pc.bit2,pcflip,4,2,0,1,1,10,silent
pc.bit2,pcflip,5,2,0,1,1,5,silent
pc.bit2,pcflip,6,2,0,1,1,5,silent
pc.bit2,pcflip,7,2,0,1,1,5,silent
pc.bit2,pcflip,8,2,0,1,1,5,silent
pc.bit2,pcflip,9,2,0,1,1,5,silent
pc.bit2,pcflip,10,2,0,1,1,5,silent
pc.bit2,pcflip,11,2,0,1,1,5,silent
pc.bit3,pcflip,0,3,0,1,1,1,silent
pc.bit3,pcflip,1,3,0,1,1,14,silent
pc.bit3,pcflip,2,3,0,1,1,14,silent
pc.bit3,pcflip,3,3,0,1,1,14,silent
pc.bit3,pcflip,4,3,0,1,1,14,silent
pc.bit3,pcflip,5,3,0,1,1,5,silent
pc.bit3,pcflip,6,3,0,1,1,5,silent
pc.bit3,pcflip,7,3,0,1,1,5,silent
pc.bit3,pcflip,8,3,0,1,1,5,silent
pc.bit3,pcflip,9,3,0,1,1,5,silent
pc.bit3,pcflip,10,3,0,1,1,5,silent
pc.bit3,pcflip,11,3,0,1,1,5,silent
rf0.bit0,regflip,0,0,0,1,1,5,silent
rf0.bit0,regflip,1,0,0,1,1,5,silent
rf0.bit0,regflip,2,0,0,1,1,5,silent
rf0.bit0,regflip,3,0,0,1,1,5,silent
rf0.bit0,regflip,4,0,0,1,1,5,silent
rf0.bit0,regflip,5,0,0,1,1,5,silent
rf0.bit0,regflip,6,0,0,1,1,5,silent
rf0.bit0,regflip,7,0,0,1,1,5,silent
rf0.bit0,regflip,8,0,0,1,1,5,silent
rf0.bit0,regflip,9,0,0,1,1,5,silent
rf0.bit0,regflip,10,0,0,1,1,5,silent
rf0.bit0,regflip,11,0,0,1,1,5,silent
rf0.bit4,regflip,0,4,0,1,1,5,silent
rf0.bit4,regflip,1,4,0,1,1,5,silent
rf0.bit4,regflip,2,4,0,1,1,5,silent
rf0.bit4,regflip,3,4,0,1,1,5,silent
rf0.bit4,regflip,4,4,0,1,1,5,silent
rf0.bit4,regflip,5,4,0,1,1,5,silent
rf0.bit4,regflip,6,4,0,1,1,5,silent
rf0.bit4,regflip,7,4,0,1,1,5,silent
rf0.bit4,regflip,8,4,0,1,1,5,silent
rf0.bit4,regflip,9,4,0,1,1,5,silent
rf0.bit4,regflip,10,4,0,1,1,5,silent
rf0.bit4,regflip,11,4,0,1,1,5,silent
rf0.bit8,regflip,0,8,0,1,1,5,silent
rf0.bit8,regflip,1,8,0,1,1,5,silent
rf0.bit8,regflip,2,8,0,1,1,5,silent
rf0.bit8,regflip,3,8,0,1,1,5,silent
rf0.bit8,regflip,4,8,0,1,1,5,silent
rf0.bit8,regflip,5,8,0,1,1,5,silent
rf0.bit8,regflip,6,8,0,1,1,5,silent
rf0.bit8,regflip,7,8,0,1,1,5,silent
rf0.bit8,regflip,8,8,0,1,1,5,silent
rf0.bit8,regflip,9,8,0,1,1,5,silent
rf0.bit8,regflip,10,8,0,1,1,5,silent
rf0.bit8,regflip,11,8,0,1,1,5,silent
rf0.bit12,regflip,0,12,0,1,1,5,silent
rf0.bit12,regflip,1,12,0,1,1,5,silent
rf0.bit12,regflip,2,12,0,1,1,5,silent
rf0.bit12,regflip,3,12,0,1,1,5,silent
rf0.bit12,regflip,4,12,0,1,1,5,silent
rf0.bit12,regflip,5,12,0,1,1,5,silent
rf0.bit12,regflip,6,12,0,1,1,5,silent
rf0.bit12,regflip,7,12,0,1,1,5,silent
rf0.bit12,regflip,8,12,0,1,1,5,silent
rf0.bit12,regflip,9,12,0,1,1,5,silent
rf0.bit12,regflip,10,12,0,1,1,5,silent
rf0.bit12,regflip,11,12,0,1,1,5,silent
zero,zeroflip,0,0,0,1,1,5,silent
zero,zeroflip,1,0,0,1,1,5,silent
zero,zeroflip,2,0,0,1,1,7,silent
zero,zeroflip,3,0,0,1,1,7,silent
zero,zeroflip,4,0,0,1,1,5,silent
zero,zeroflip,5,0,0,1,1,5,silent
zero,zeroflip,6,0,0,1,1,5,silent
zero,zeroflip,7,0,0,1,1,5,silent
zero,zeroflip,8,0,0,1,1,5,silent
zero,zeroflip,9,0,0,1,1,5,silent
zero,zeroflip,10,0,0,1,1,5,silent
zero,zeroflip,11,0,0,1,1,5,silent
ctrl_boot,ctrlflip,0,0,1,1,1,5,exploited
ctrl_boot,ctrlflip,1,0,1,1,1,5,exploited
ctrl_boot,ctrlflip,2,0,1,1,1,5,exploited
ctrl_boot,ctrlflip,3,0,1,1,1,5,exploited
ctrl_boot,ctrlflip,4,0,1,1,1,5,exploited
ctrl_boot,ctrlflip,5,0,0,1,1,5,silent
ctrl_boot,ctrlflip,6,0,0,1,1,5,silent
ctrl_boot,ctrlflip,7,0,0,1,1,5,silent
ctrl_boot,ctrlflip,8,0,0,1,1,5,silent
ctrl_boot,ctrlflip,9,0,0,1,1,5,silent
ctrl_boot,ctrlflip,10,0,0,1,1,5,silent
ctrl_boot,ctrlflip,11,0,0,1,1,5,silent
